title,image_url,clustering_id
1109_doucet_4PHOT68_bureauJMT_01_4_10_000005.jpg,1109_doucet_4PHOT68_bureauJMT_01_4_10_000005.jpg,8
1109_doucet_4PHOT68_salon_14_22_000004.jpg,1109_doucet_4PHOT68_salon_14_22_000004.jpg,3
B751025206PH04PHOT68_bureauJMT_01_7_5_003.jpg,B751025206PH04PHOT68_bureauJMT_01_7_5_003.jpg,0
B751025206PH04PHOT68_bureauJMT_01_7_5_005.jpg,B751025206PH04PHOT68_bureauJMT_01_7_5_005.jpg,0
B751025206PH04PHOT68_bureauJMT_01_7_5_009.jpg,B751025206PH04PHOT68_bureauJMT_01_7_5_009.jpg,1
B751025206PH04PHOT68_bureauJMT_01_7_5_012.jpg,B751025206PH04PHOT68_bureauJMT_01_7_5_012.jpg,0
B751025206PH04PHOT68_bureauJMT_01_7_5_013.jpg,B751025206PH04PHOT68_bureauJMT_01_7_5_013.jpg,0
B751025206PH04PHOT68_bureauJMT_01_7_5_016.jpg,B751025206PH04PHOT68_bureauJMT_01_7_5_016.jpg,1
B751025206PH04PHOT68_bureauJMT_01_7_5_020.jpg,B751025206PH04PHOT68_bureauJMT_01_7_5_020.jpg,0
B751025206PH04PHOT68_bureauJMT_01_7_5_023.jpg,B751025206PH04PHOT68_bureauJMT_01_7_5_023.jpg,0
B751025206PH04PHOT68_bureauJMT_01_7_5_024.jpg,B751025206PH04PHOT68_bureauJMT_01_7_5_024.jpg,0
B751025206PH04PHOT68_bureauJMT_01_7_5_028.jpg,B751025206PH04PHOT68_bureauJMT_01_7_5_028.jpg,1
B751025206PH04PHOT68_bureauJMT_01_7_5_029.jpg,B751025206PH04PHOT68_bureauJMT_01_7_5_029.jpg,0
B751025206PH04PHOT68_bureauJMT_01_7_5_032.jpg,B751025206PH04PHOT68_bureauJMT_01_7_5_032.jpg,0
B751025206PH04PHOT68_bureauJMT_01_7_5_033.jpg,B751025206PH04PHOT68_bureauJMT_01_7_5_033.jpg,0
B751025206PH04PHOT68_bureauJMT_01_7_5_034.jpg,B751025206PH04PHOT68_bureauJMT_01_7_5_034.jpg,0
B751025206PH04PHOT68_bureauJMT_01_7_5_035.jpg,B751025206PH04PHOT68_bureauJMT_01_7_5_035.jpg,0
B751025206PH04PHOT68_bureauJMT_01_7_5_039.jpg,B751025206PH04PHOT68_bureauJMT_01_7_5_039.jpg,0
B751025206PH04PHOT68_bureauJMT_01_7_5_040.jpg,B751025206PH04PHOT68_bureauJMT_01_7_5_040.jpg,1
B751025206PH04PHOT68_bureauJMT_01_7_5_041.jpg,B751025206PH04PHOT68_bureauJMT_01_7_5_041.jpg,1
B751025206PH04PHOT68_bureauJMT_01_7_5_042.jpg,B751025206PH04PHOT68_bureauJMT_01_7_5_042.jpg,0
B751025206PH04PHOT68_bureauJMT_01_7_5_043.jpg,B751025206PH04PHOT68_bureauJMT_01_7_5_043.jpg,0
B751025206PH04PHOT68_bureauJMT_01_7_5_044.jpg,B751025206PH04PHOT68_bureauJMT_01_7_5_044.jpg,0
B751025206PH04PHOT68_bureauJMT_01_7_5_045.jpg,B751025206PH04PHOT68_bureauJMT_01_7_5_045.jpg,0
B751025206PH04PHOT68_bureauJMT_01_7_5_046.jpg,B751025206PH04PHOT68_bureauJMT_01_7_5_046.jpg,0
B751025206PH04PHOT68_bureauJMT_01_7_5_047.jpg,B751025206PH04PHOT68_bureauJMT_01_7_5_047.jpg,0
B751025206PH04PHOT68_bureauJMT_01_7_5_048.jpg,B751025206PH04PHOT68_bureauJMT_01_7_5_048.jpg,0
B751025206PH04PHOT68_bureauJMT_01_8_1_007.jpg,B751025206PH04PHOT68_bureauJMT_01_8_1_007.jpg,0
B751025206PH04PHOT68_bureauJMT_01_8_1_008.jpg,B751025206PH04PHOT68_bureauJMT_01_8_1_008.jpg,2
B751025206PH04PHOT68_bureauJMT_01_8_1_009.jpg,B751025206PH04PHOT68_bureauJMT_01_8_1_009.jpg,2
B751025206PH04PHOT68_bureauJMT_01_8_1_010.jpg,B751025206PH04PHOT68_bureauJMT_01_8_1_010.jpg,0
B751025206PH04PHOT68_bureauJMT_01_8_1_011.jpg,B751025206PH04PHOT68_bureauJMT_01_8_1_011.jpg,0
B751025206PH04PHOT68_bureauJMT_01_8_1_012.jpg,B751025206PH04PHOT68_bureauJMT_01_8_1_012.jpg,0
B751025206PH04PHOT68_bureauJMT_01_8_1_013.jpg,B751025206PH04PHOT68_bureauJMT_01_8_1_013.jpg,0
B751025206PH04PHOT68_bureauJMT_01_8_1_014.jpg,B751025206PH04PHOT68_bureauJMT_01_8_1_014.jpg,0
B751025206PH04PHOT68_bureauJMT_01_8_1_031.jpg,B751025206PH04PHOT68_bureauJMT_01_8_1_031.jpg,0
B751025206PH04PHOT68_bureauJMT_01_8_1_041.jpg,B751025206PH04PHOT68_bureauJMT_01_8_1_041.jpg,2
B751025206PH04PHOT68_bureauJMT_01_8_2_008.jpg,B751025206PH04PHOT68_bureauJMT_01_8_2_008.jpg,6
B751025206PH04PHOT68_bureauJMT_01_8_2_009.jpg,B751025206PH04PHOT68_bureauJMT_01_8_2_009.jpg,6
B751025206PH04PHOT68_bureauJMT_01_8_2_025.jpg,B751025206PH04PHOT68_bureauJMT_01_8_2_025.jpg,6
B751025206PH04PHOT68_bureauJMT_02_1_2_008.jpg,B751025206PH04PHOT68_bureauJMT_02_1_2_008.jpg,7
B751025206PH04PHOT68_bureauJMT_02_1_2_018.jpg,B751025206PH04PHOT68_bureauJMT_02_1_2_018.jpg,8
B751025206PH04PHOT68_bureauJMT_02_1_5_004.jpg,B751025206PH04PHOT68_bureauJMT_02_1_5_004.jpg,5
B751025206PH04PHOT68_bureauJMT_02_1_9_006.jpg,B751025206PH04PHOT68_bureauJMT_02_1_9_006.jpg,2
B751025206PH04PHOT68_bureauJMT_02_1_9_017.jpg,B751025206PH04PHOT68_bureauJMT_02_1_9_017.jpg,2
B751025206PH04PHOT68_bureauJMT_02_2_3_077.jpg,B751025206PH04PHOT68_bureauJMT_02_2_3_077.jpg,2
B751025206PH04PHOT68_salon_12_2_001.jpg,B751025206PH04PHOT68_salon_12_2_001.jpg,0
B751025206PH04PHOT68_salon_12_2_002.jpg,B751025206PH04PHOT68_salon_12_2_002.jpg,0
B751025206PH04PHOT68_salon_12_2_003.jpg,B751025206PH04PHOT68_salon_12_2_003.jpg,0
B751025206PH04PHOT68_salon_12_2_004.jpg,B751025206PH04PHOT68_salon_12_2_004.jpg,0
B751025206PH04PHOT68_salon_12_2_005.jpg,B751025206PH04PHOT68_salon_12_2_005.jpg,0
B751025206PH04PHOT68_salon_12_2_006.jpg,B751025206PH04PHOT68_salon_12_2_006.jpg,0
B751025206PH04PHOT68_salon_13_10_004.jpg,B751025206PH04PHOT68_salon_13_10_004.jpg,7
B751025206PH04PHOT68_salon_13_10_008.jpg,B751025206PH04PHOT68_salon_13_10_008.jpg,8
B751025206PH04PHOT68_salon_13_12_017.jpg,B751025206PH04PHOT68_salon_13_12_017.jpg,2
B751025206PH04PHOT68_salon_13_12_034.jpg,B751025206PH04PHOT68_salon_13_12_034.jpg,2
B751025206PH04PHOT68_salon_13_12_035.jpg,B751025206PH04PHOT68_salon_13_12_035.jpg,5
B751025206PH04PHOT68_salon_13_12_036.jpg,B751025206PH04PHOT68_salon_13_12_036.jpg,5
B751025206PH04PHOT68_salon_13_12_037.jpg,B751025206PH04PHOT68_salon_13_12_037.jpg,8
B751025206PH04PHOT68_salon_13_12_131.jpg,B751025206PH04PHOT68_salon_13_12_131.jpg,5
B751025206PH04PHOT68_salon_13_14_006.jpg,B751025206PH04PHOT68_salon_13_14_006.jpg,8
B751025206PH04PHOT68_salon_13_14_012.jpg,B751025206PH04PHOT68_salon_13_14_012.jpg,4
B751025206PH04PHOT68_salon_13_14_017.jpg,B751025206PH04PHOT68_salon_13_14_017.jpg,8
B751025206PH04PHOT68_salon_13_14_029.jpg,B751025206PH04PHOT68_salon_13_14_029.jpg,8
B751025206PH04PHOT68_salon_13_3_004.jpg,B751025206PH04PHOT68_salon_13_3_004.jpg,8
B751025206PH04PHOT68_salon_13_3_008.jpg,B751025206PH04PHOT68_salon_13_3_008.jpg,2
B751025206PH04PHOT68_salon_14_15_003.jpg,B751025206PH04PHOT68_salon_14_15_003.jpg,7
B751025206PH04PHOT68_salon_14_15_004.jpg,B751025206PH04PHOT68_salon_14_15_004.jpg,7
B751025206PH04PHOT68_salon_14_1_13_002.jpg,B751025206PH04PHOT68_salon_14_1_13_002.jpg,7
B751025206PH04PHOT68_salon_14_1_13_003.jpg,B751025206PH04PHOT68_salon_14_1_13_003.jpg,7
B751025206PH04PHOT68_salon_14_1_13_004.jpg,B751025206PH04PHOT68_salon_14_1_13_004.jpg,2
B751025206PH04PHOT68_salon_14_1_13_005.jpg,B751025206PH04PHOT68_salon_14_1_13_005.jpg,3
B751025206PH04PHOT68_salon_14_1_16_002.jpg,B751025206PH04PHOT68_salon_14_1_16_002.jpg,8
B751025206PH04PHOT68_salon_14_1_16_004.jpg,B751025206PH04PHOT68_salon_14_1_16_004.jpg,2
B751025206PH04PHOT68_salon_14_1_16_005.jpg,B751025206PH04PHOT68_salon_14_1_16_005.jpg,2
B751025206PH04PHOT68_salon_14_1_16_007.jpg,B751025206PH04PHOT68_salon_14_1_16_007.jpg,2
B751025206PH04PHOT68_salon_14_1_16_008.jpg,B751025206PH04PHOT68_salon_14_1_16_008.jpg,8
B751025206PH04PHOT68_salon_14_1_27_003.jpg,B751025206PH04PHOT68_salon_14_1_27_003.jpg,6
B751025206PH04PHOT68_salon_14_1_7_003.jpg,B751025206PH04PHOT68_salon_14_1_7_003.jpg,8
B751025206PH04PHOT68_salon_14_1_7_004.jpg,B751025206PH04PHOT68_salon_14_1_7_004.jpg,8
B751025206PH04PHOT68_salon_14_1_7_005.jpg,B751025206PH04PHOT68_salon_14_1_7_005.jpg,2
B751025206PH04PHOT68_salon_14_22_004.jpg,B751025206PH04PHOT68_salon_14_22_004.jpg,3
B751025206PH04PHOT68_salon_14_22_009.jpg,B751025206PH04PHOT68_salon_14_22_009.jpg,8
B751025206PH04PHOT68_salon_14_22_011.jpg,B751025206PH04PHOT68_salon_14_22_011.jpg,6
B751025206PH04PHOT68_salon_14_22_012.jpg,B751025206PH04PHOT68_salon_14_22_012.jpg,6
B751025206PH04PHOT68_salon_14_22_018.jpg,B751025206PH04PHOT68_salon_14_22_018.jpg,6
B751025206PH04PHOT68_salon_14_22_019.jpg,B751025206PH04PHOT68_salon_14_22_019.jpg,6
B751025206PH04PHOT68_salon_14_22_021.jpg,B751025206PH04PHOT68_salon_14_22_021.jpg,6
B751025206PH04PHOT68_salon_14_22_022.jpg,B751025206PH04PHOT68_salon_14_22_022.jpg,6
B751025206PH04PHOT68_salon_14_22_023.jpg,B751025206PH04PHOT68_salon_14_22_023.jpg,6
